qid,subject,message,paraphrase,summary,focus,question_type,answer,answer_url,subject_clean,message_clean,paraphrase_clean,summary_clean,answer_clean,question_clean,question_anon,answer_anon,q_words,a_words,text,token_count
TQ56,Jock Itch,"I have Jock itch, and I have read through your symptoms. I wanted know if small lumps under the skin around the scrotum area is a symptoms as well? Should I be concerned?
			",Are small lumps around the scrotum a symptom of Jock Itch?,Are small lumps around the scrotum a symptom of Jock Itch?,Jock itch,SYMPTOM," Itchy Crotch Cause: Fungal Infections
					How you know you have it: You'll likely develop a rash along with the itching, though its appearance varies depending on the type of fungus causing it. For instance, if a yeast infection is responsible, you may notice moist, shiny areas of skin on your penis, and possibly some white stuff in the
					skin folds, along with the red, itchy rash, according to the Mayo Clinic.

					Yeast is normally present in small amounts on your skin, but an overgrowth of it can cause an infection. This tends to occur in moist places that don't get much light, says Jason Reichenberg, M.D., director of dermatology at the University of Texas Austin. So it usually shows up on the sides of your
					groin, between your genitals and thighs.

					Other fungal infections look a little different: They appear dry and flaky, and usually crop up on your thighs, Dr. Reichenberg says.

					How to treat it: Whatever the type of fungus responsible for your itching, an antifungal cream like Lotrimin AF should do the trick. The cream attacks the fungal cells that cause the infection, while leaving your healthy skin cells unscathed.

					Pat the region dry before rubbing on the cream. That will help get rid moisture, keeping the fungus from growing and allowing the cream to work better, Dr. Reichenberg says.

					Itchy Crotch Cause: Chafing
					How you know you have it: Chafing occurs when your skin rubs together-commonly your thighs. It usually develops when you're doing an activity that involves a lot of friction, like running.

					The rubbing can disturb your skin barrier, causing tiny cracks and inflammation on your outer layers of skin. This causes a red, irritated rash that burns and itches. Your skin can also grow scaly, too, Dr. Zeichner says.

					How to treat it: Your goal is to protect your irritated skin and prevent any additional rubbing. A moisturizer like Aveeno Skin Relief Moisturizing Cream will help repair the skin. It also contains colloidal oatmeal, which works to soothe irritation, Dr. Zeichner says.

					Pair that with a zinc cream, like Destin, which protects your skin from future rubbing by adding a protective barrier. And then use a cream that contains petroleum, like CeraVe Healing Ointment, which helps hydrate and restore your skin.

					Itchy Crotch Cause: Intertrigo
					How you know you have it: You'll develop a raw, red rash that itches and stings, usually in areas that contain lots of moisture from sweating, Dr. Zeichner says-so, like your groin, between the folds of your stomach, under your arms, or between your toes, according to the Mayo Clinic. That
					moisture can spur an overgrowth of bacteria and fungus.

					How to treat it: Antibacterial creams like Neosporin and antifungal creams, like Lotrimin, can take care of the bacteria and fungus. And a zinc cream, like Destin, shields your skin from more rubbing.

					If the rash persists for one to two weeks, head to your dermatologist. He or she will likely prescribe stronger versions of these medications to smooth over the irritation, Dr. Zeichner says.

					Itchy Crotch Cause: Contact Dermatitis
					How you know you have it: Contact dermatitis occurs when your skin comes in contact with something it's allergic to. You'll likely develop a super itchy, red rash that looks bumpy. It might even ooze a clear or yellowish fluid, which shows that the top layer of your skin has been disrupted, says
					Dr. Reichenberg.

					Contact dermatitis is likely the cause if you notice that itchy rash and you've recently changed something in your routine-say, you tried a new laundry detergent or fabric softener, or even bought a new couch made of a different material-right before you noticed it, says Dr. Reichenberg. You'll
					usually start to notice a reaction hours or even a few days later.

					You'll also probably experience itching on other body parts that were exposed to the allergen, too, he says. Your itchy balls will likely bother you more, though, since their thin skin is more sensitive to allergens.

					How to treat it: Stop using the chemical or material you think may be responsible. If it's clothing washed in a new detergent, rewash it a few times with your previous brand, says Dr. Reichenberg.

					If contact dermatitis was responsible, the reaction should disappear in about two weeks.

					Itchy Crotch Cause: Pubic lice
					How you know you have it: If you start to notice intense itching, irritation, and tiny specks in your pubic hair, you might have contracted a type of parasite called pubic lice, also known as crabs.

					You may see tiny white or yellowish specks near the roots of your pubic hair. Those are the lice eggs, says Dennis Fortenberry, M.D., a professor of adolescent medicine at Indiana University. You might also spot the lice themselves crawling-they're tan or grayish-white, and if you're brave enough
					to look at one through a magnifying glass, it'd resemble a mini crab, reports the Centers for Disease Control and Prevention.

					How to treat it: Head to your doctor-he or she will confirm that your problem actually is lice, and send you home with a shampoo or lotion containing either permethrin or pyrethrins with piperonyl butoxide, which will kill the lice Dr. Fortenberry says.

					Itchy Crotch Cause: Herpes
					How you know you have it: For some guys, itching can be the first symptom of this sexually transmitted infection (STI), which is caused by the herpes virus, Dr. Fortenberry says. That itch will usually turn to burning, and within about a day, a blister or cluster of blisters can form. Then, the
					blisters can break, leading to painful sores.

					If you've experienced those symptoms in the past and they keep cropping back up, that might point to herpes, since the infection usually causes recurrent outbreaks.

					How to treat it: This is another case where you'll head to your doctor. He or she will diagnose you, either by simply looking at the appearance of your blisters or by performing a blood test or culture of the lesion, reports the CDC.

					There's no cure for herpes, but your doctor can provide some treatment. Antiviral meds, like Valtrex, Zovirax, or Famvir, can shorten the outbreak or prevent one from occurring. They also may reduce the chances of passing on the virus to your partner.

					Itchy Crotch Cause: Genital Warts
					How you know you have it: Genital warts are a common symptom of the STI human papillomavirus (HPV). They are typically soft to the touch and skin colored, and some may even resemble a cauliflower. You might notice just one, or they could crop up in a cluster, Dr. Fortenberry says. But other than
					some itching, the warts don't feel like anything.

					How to treat it: If you think you have genital warts, check in with your doctor, Dr. Fortenberry says. He or she will likely prescribe a medication that contains Imiquimod, Podofilox, or Sinecatechins, which will stimulate your body's immune system to clear up the warts.

					Or, she may apply liquid nitrogen to the growth, which will freeze it off.

					However, even though you can get rid of the wart, you can't eliminate the virus from your system-meaning more warts could crop up down the road, and you can still spread it to others if you don't have a visible wart.

					This article originally appeared on MensHealth.com.
				", http://www.foxnews.com/health/2017/02/01/7-reasons-your-groin-is-so-itchy.html ,Jock Itch,"I have Jock itch, and I have read through your symptoms. I wanted know if small lumps under the skin around the scrotum area is a symptoms as well? Should I be concerned?",Are small lumps around the scrotum a symptom of Jock Itch?,Are small lumps around the scrotum a symptom of Jock Itch?,"Itchy Crotch Cause: Fungal Infections How you know you have it: You'll likely develop a rash along with the itching, though its appearance varies depending on the type of fungus causing it. For instance, if a yeast infection is responsible, you may notice moist, shiny areas of skin on your penis, and possibly some white stuff in the skin folds, along with the red, itchy rash, according to the Mayo Clinic. Yeast is normally present in small amounts on your skin, but an overgrowth of it can cause an infection. This tends to occur in moist places that don't get much light, says Jason Reichenberg, M.D., director of dermatology at the University of Texas Austin. So it usually shows up on the sides of your groin, between your genitals and thighs. Other fungal infections look a little different: They appear dry and flaky, and usually crop up on your thighs, Dr. Reichenberg says. How to treat it: Whatever the type of fungus responsible for your itching, an antifungal cream like Lotrimin AF should do the trick. The cream attacks the fungal cells that cause the infection, while leaving your healthy skin cells unscathed. Pat the region dry before rubbing on the cream. That will help get rid moisture, keeping the fungus from growing and allowing the cream to work better, Dr. Reichenberg says. Itchy Crotch Cause: Chafing How you know you have it: Chafing occurs when your skin rubs together-commonly your thighs. It usually develops when you're doing an activity that involves a lot of friction, like running. The rubbing can disturb your skin barrier, causing tiny cracks and inflammation on your outer layers of skin. This causes a red, irritated rash that burns and itches. Your skin can also grow scaly, too, Dr. Zeichner says. How to treat it: Your goal is to protect your irritated skin and prevent any additional rubbing. A moisturizer like Aveeno Skin Relief Moisturizing Cream will help repair the skin. It also contains colloidal oatmeal, which works to soothe irritation, Dr. Zeichner says. Pair that with a zinc cream, like Destin, which protects your skin from future rubbing by adding a protective barrier. And then use a cream that contains petroleum, like CeraVe Healing Ointment, which helps hydrate and restore your skin. Itchy Crotch Cause: Intertrigo How you know you have it: You'll develop a raw, red rash that itches and stings, usually in areas that contain lots of moisture from sweating, Dr. Zeichner says-so, like your groin, between the folds of your stomach, under your arms, or between your toes, according to the Mayo Clinic. That moisture can spur an overgrowth of bacteria and fungus. How to treat it: Antibacterial creams like Neosporin and antifungal creams, like Lotrimin, can take care of the bacteria and fungus. And a zinc cream, like Destin, shields your skin from more rubbing. If the rash persists for one to two weeks, head to your dermatologist. He or she will likely prescribe stronger versions of these medications to smooth over the irritation, Dr. Zeichner says. Itchy Crotch Cause: Contact Dermatitis How you know you have it: Contact dermatitis occurs when your skin comes in contact with something it's allergic to. You'll likely develop a super itchy, red rash that looks bumpy. It might even ooze a clear or yellowish fluid, which shows that the top layer of your skin has been disrupted, says Dr. Reichenberg. Contact dermatitis is likely the cause if you notice that itchy rash and you've recently changed something in your routine-say, you tried a new laundry detergent or fabric softener, or even bought a new couch made of a different material-right before you noticed it, says Dr. Reichenberg. You'll usually start to notice a reaction hours or even a few days later. You'll also probably experience itching on other body parts that were exposed to the allergen, too, he says. Your itchy balls will likely bother you more, though, since their thin skin is more sensitive to allergens. How to treat it: Stop using the chemical or material you think may be responsible. If it's clothing washed in a new detergent, rewash it a few times with your previous brand, says Dr. Reichenberg. If contact dermatitis was responsible, the reaction should disappear in about two weeks. Itchy Crotch Cause: Pubic lice How you know you have it: If you start to notice intense itching, irritation, and tiny specks in your pubic hair, you might have contracted a type of parasite called pubic lice, also known as crabs. You may see tiny white or yellowish specks near the roots of your pubic hair. Those are the lice eggs, says Dennis Fortenberry, M.D., a professor of adolescent medicine at Indiana University. You might also spot the lice themselves crawling-they're tan or grayish-white, and if you're brave enough to look at one through a magnifying glass, it'd resemble a mini crab, reports the Centers for Disease Control and Prevention. How to treat it: Head to your doctor-he or she will confirm that your problem actually is lice, and send you home with a shampoo or lotion containing either permethrin or pyrethrins with piperonyl butoxide, which will kill the lice Dr. Fortenberry says. Itchy Crotch Cause: Herpes How you know you have it: For some guys, itching can be the first symptom of this sexually transmitted infection (STI), which is caused by the herpes virus, Dr. Fortenberry says. That itch will usually turn to burning, and within about a day, a blister or cluster of blisters can form. Then, the blisters can break, leading to painful sores. If you've experienced those symptoms in the past and they keep cropping back up, that might point to herpes, since the infection usually causes recurrent outbreaks. How to treat it: This is another case where you'll head to your doctor. He or she will diagnose you, either by simply looking at the appearance of your blisters or by performing a blood test or culture of the lesion, reports the CDC. There's no cure for herpes, but your doctor can provide some treatment. Antiviral meds, like Valtrex, Zovirax, or Famvir, can shorten the outbreak or prevent one from occurring. They also may reduce the chances of passing on the virus to your partner. Itchy Crotch Cause: Genital Warts How you know you have it: Genital warts are a common symptom of the STI human papillomavirus (HPV). They are typically soft to the touch and skin colored, and some may even resemble a cauliflower. You might notice just one, or they could crop up in a cluster, Dr. Fortenberry says. But other than some itching, the warts don't feel like anything. How to treat it: If you think you have genital warts, check in with your doctor, Dr. Fortenberry says. He or she will likely prescribe a medication that contains Imiquimod, Podofilox, or Sinecatechins, which will stimulate your body's immune system to clear up the warts. Or, she may apply liquid nitrogen to the growth, which will freeze it off. However, even though you can get rid of the wart, you can't eliminate the virus from your system-meaning more warts could crop up down the road, and you can still spread it to others if you don't have a visible wart. This article originally appeared on MensHealth.com.",Are small lumps around the scrotum a symptom of Jock Itch?,Are small lumps around the scrotum a symptom of Jock Itch?,"Itchy Crotch Cause: Fungal Infections How you know you have it: You'll likely develop a rash along with the itching, though its appearance varies depending on the type of fungus causing it. For instance, if a yeast infection is responsible, you may notice moist, shiny areas of skin on your penis, and possibly some white stuff in the skin folds, along with the red, itchy rash, according to the Mayo Clinic. Yeast is normally present in small amounts on your skin, but an overgrowth of it can cause an infection. This tends to occur in moist places that don't get much light, says Jason Reichenberg, M.D., director of dermatology at the University of Texas Austin. So it usually shows up on the sides of your groin, between your genitals and thighs. Other fungal infections look a little different: They appear dry and flaky, and usually crop up on your thighs, [MEDICO] says. How to treat it: Whatever the type of fungus responsible for your itching, an antifungal cream like Lotrimin AF should do the trick. The cream attacks the fungal cells that cause the infection, while leaving your healthy skin cells unscathed. Pat the region dry before rubbing on the cream. That will help get rid moisture, keeping the fungus from growing and allowing the cream to work better, [MEDICO] says. Itchy Crotch Cause: Chafing How you know you have it: Chafing occurs when your skin rubs together-commonly your thighs. It usually develops when you're doing an activity that involves a lot of friction, like running. The rubbing can disturb your skin barrier, causing tiny cracks and inflammation on your outer layers of skin. This causes a red, irritated rash that burns and itches. Your skin can also grow scaly, too, [MEDICO] says. How to treat it: Your goal is to protect your irritated skin and prevent any additional rubbing. A moisturizer like Aveeno Skin Relief Moisturizing Cream will help repair the skin. It also contains colloidal oatmeal, which works to soothe irritation, [MEDICO] says. Pair that with a zinc cream, like Destin, which protects your skin from future rubbing by adding a protective barrier. And then use a cream that contains petroleum, like CeraVe Healing Ointment, which helps hydrate and restore your skin. Itchy Crotch Cause: Intertrigo How you know you have it: You'll develop a raw, red rash that itches and stings, usually in areas that contain lots of moisture from sweating, [MEDICO] says-so, like your groin, between the folds of your stomach, under your arms, or between your toes, according to the Mayo Clinic. That moisture can spur an overgrowth of bacteria and fungus. How to treat it: Antibacterial creams like Neosporin and antifungal creams, like Lotrimin, can take care of the bacteria and fungus. And a zinc cream, like Destin, shields your skin from more rubbing. If the rash persists for one to two weeks, head to your dermatologist. He or she will likely prescribe stronger versions of these medications to smooth over the irritation, [MEDICO] says. Itchy Crotch Cause: Contact Dermatitis How you know you have it: Contact dermatitis occurs when your skin comes in contact with something it's allergic to. You'll likely develop a super itchy, red rash that looks bumpy. It might even ooze a clear or yellowish fluid, which shows that the top layer of your skin has been disrupted, says [MEDICO]. Contact dermatitis is likely the cause if you notice that itchy rash and you've recently changed something in your routine-say, you tried a new laundry detergent or fabric softener, or even bought a new couch made of a different material-right before you noticed it, says [MEDICO]. You'll usually start to notice a reaction hours or even a few days later. You'll also probably experience itching on other body parts that were exposed to the allergen, too, he says. Your itchy balls will likely bother you more, though, since their thin skin is more sensitive to allergens. How to treat it: Stop using the chemical or material you think may be responsible. If it's clothing washed in a new detergent, rewash it a few times with your previous brand, says [MEDICO]. If contact dermatitis was responsible, the reaction should disappear in about two weeks. Itchy Crotch Cause: Pubic lice How you know you have it: If you start to notice intense itching, irritation, and tiny specks in your pubic hair, you might have contracted a type of parasite called pubic lice, also known as crabs. You may see tiny white or yellowish specks near the roots of your pubic hair. Those are the lice eggs, says Dennis Fortenberry, M.D., a professor of adolescent medicine at Indiana University. You might also spot the lice themselves crawling-they're tan or grayish-white, and if you're brave enough to look at one through a magnifying glass, it'd resemble a mini crab, reports the Centers for Disease Control and Prevention. How to treat it: Head to your doctor-he or she will confirm that your problem actually is lice, and send you home with a shampoo or lotion containing either permethrin or pyrethrins with piperonyl butoxide, which will kill the lice [MEDICO] says. Itchy Crotch Cause: Herpes How you know you have it: For some guys, itching can be the first symptom of this sexually transmitted infection (STI), which is caused by the herpes virus, [MEDICO] says. That itch will usually turn to burning, and within about a day, a blister or cluster of blisters can form. Then, the blisters can break, leading to painful sores. If you've experienced those symptoms in the past and they keep cropping back up, that might point to herpes, since the infection usually causes recurrent outbreaks. How to treat it: This is another case where you'll head to your doctor. He or she will diagnose you, either by simply looking at the appearance of your blisters or by performing a blood test or culture of the lesion, reports the CDC. There's no cure for herpes, but your doctor can provide some treatment. Antiviral meds, like Valtrex, Zovirax, or Famvir, can shorten the outbreak or prevent one from occurring. They also may reduce the chances of passing on the virus to your partner. Itchy Crotch Cause: Genital Warts How you know you have it: Genital warts are a common symptom of the STI human papillomavirus (HPV). They are typically soft to the touch and skin colored, and some may even resemble a cauliflower. You might notice just one, or they could crop up in a cluster, [MEDICO] says. But other than some itching, the warts don't feel like anything. How to treat it: If you think you have genital warts, check in with your doctor, [MEDICO] says. He or she will likely prescribe a medication that contains Imiquimod, Podofilox, or Sinecatechins, which will stimulate your body's immune system to clear up the warts. Or, she may apply liquid nitrogen to the growth, which will freeze it off. However, even though you can get rid of the wart, you can't eliminate the virus from your system-meaning more warts could crop up down the road, and you can still spread it to others if you don't have a visible wart. This article originally appeared on MensHealth.com.",11.0,1201.0,"<|system|>
Você é um assistente médico especialista responsável por apoiar decisões clínicas com clareza, rigor e alinhamento com protocolos hospitalares. Você NÃO confirma diagnósticos, NÃO prescreve diretamente e NÃO substitui avaliação médica. Todas as recomendações devem ser validadas por um clínico responsável.</s>
<|user|>
Pergunta Médica: Are small lumps around the scrotum a symptom of Jock Itch?</s>
<|assistant|>
Itchy Crotch Cause: Fungal Infections How you know you have it: You'll likely develop a rash along with the itching, though its appearance varies depending on the type of fungus causing it. For instance, if a yeast infection is responsible, you may notice moist, shiny areas of skin on your penis, and possibly some white stuff in the skin folds, along with the red, itchy rash, according to the Mayo Clinic. Yeast is normally present in small amounts on your skin, but an overgrowth of it can cause an infection. This tends to occur in moist places that don't get much light, says Jason Reichenberg, M.D., director of dermatology at the University of Texas Austin. So it usually shows up on the sides of your groin, between your genitals and thighs. Other fungal infections look a little different: They appear dry and flaky, and usually crop up on your thighs, [MEDICO] says. How to treat it: Whatever the type of fungus responsible for your itching, an antifungal cream like Lotrimin AF should do the trick. The cream attacks the fungal cells that cause the infection, while leaving your healthy skin cells unscathed. Pat the region dry before rubbing on the cream. That will help get rid moisture, keeping the fungus from growing and allowing the cream to work better, [MEDICO] says. Itchy Crotch Cause: Chafing How you know you have it: Chafing occurs when your skin rubs together-commonly your thighs. It usually develops when you're doing an activity that involves a lot of friction, like running. The rubbing can disturb your skin barrier, causing tiny cracks and inflammation on your outer layers of skin. This causes a red, irritated rash that burns and itches. Your skin can also grow scaly, too, [MEDICO] says. How to treat it: Your goal is to protect your irritated skin and prevent any additional rubbing. A moisturizer like Aveeno Skin Relief Moisturizing Cream will help repair the skin. It also contains colloidal oatmeal, which works to soothe irritation, [MEDICO] says. Pair that with a zinc cream, like Destin, which protects your skin from future rubbing by adding a protective barrier. And then use a cream that contains petroleum, like CeraVe Healing Ointment, which helps hydrate and restore your skin. Itchy Crotch Cause: Intertrigo How you know you have it: You'll develop a raw, red rash that itches and stings, usually in areas that contain lots of moisture from sweating, [MEDICO] says-so, like your groin, between the folds of your stomach, under your arms, or between your toes, according to the Mayo Clinic. That moisture can spur an overgrowth of bacteria and fungus. How to treat it: Antibacterial creams like Neosporin and antifungal creams, like Lotrimin, can take care of the bacteria and fungus. And a zinc cream, like Destin, shields your skin from more rubbing. If the rash persists for one to two weeks, head to your dermatologist. He or she will likely prescribe stronger versions of these medications to smooth over the irritation, [MEDICO] says. Itchy Crotch Cause: Contact Dermatitis How you know you have it: Contact dermatitis occurs when your skin comes in contact with something it's allergic to. You'll likely develop a super itchy, red rash that looks bumpy. It might even ooze a clear or yellowish fluid, which shows that the top layer of your skin has been disrupted, says [MEDICO]. Contact dermatitis is likely the cause if you notice that itchy rash and you've recently changed something in your routine-say, you tried a new laundry detergent or fabric softener, or even bought a new couch made of a different material-right before you noticed it, says [MEDICO]. You'll usually start to notice a reaction hours or even a few days later. You'll also probably experience itching on other body parts that were exposed to the allergen, too, he says. Your itchy balls will likely bother you more, though, since their thin skin is more sensitive to allergens. How to treat it: Stop using the chemical or material you think may be responsible. If it's clothing washed in a new detergent, rewash it a few times with your previous brand, says [MEDICO]. If contact dermatitis was responsible, the reaction should disappear in about two weeks. Itchy Crotch Cause: Pubic lice How you know you have it: If you start to notice intense itching, irritation, and tiny specks in your pubic hair, you might have contracted a type of parasite called pubic lice, also known as crabs. You may see tiny white or yellowish specks near the roots of your pubic hair. Those are the lice eggs, says Dennis Fortenberry, M.D., a professor of adolescent medicine at Indiana University. You might also spot the lice themselves crawling-they're tan or grayish-white, and if you're brave enough to look at one through a magnifying glass, it'd resemble a mini crab, reports the Centers for Disease Control and Prevention. How to treat it: Head to your doctor-he or she will confirm that your problem actually is lice, and send you home with a shampoo or lotion containing either permethrin or pyrethrins with piperonyl butoxide, which will kill the lice [MEDICO] says. Itchy Crotch Cause: Herpes How you know you have it: For some guys, itching can be the first symptom of this sexually transmitted infection (STI), which is caused by the herpes virus, [MEDICO] says. That itch will usually turn to burning, and within about a day, a blister or cluster of blisters can form. Then, the blisters can break, leading to painful sores. If you've experienced those symptoms in the past and they keep cropping back up, that might point to herpes, since the infection usually causes recurrent outbreaks. How to treat it: This is another case where you'll head to your doctor. He or she will diagnose you, either by simply looking at the appearance of your blisters or by performing a blood test or culture of the lesion, reports the CDC. There's no cure for herpes, but your doctor can provide some treatment. Antiviral meds, like Valtrex, Zovirax, or Famvir, can shorten the outbreak or prevent one from occurring. They also may reduce the chances of passing on the virus to your partner. Itchy Crotch Cause: Genital Warts How you know you have it: Genital warts are a common symptom of the STI human papillomavirus (HPV). They are typically soft to the touch and skin colored, and some may even resemble a cauliflower. You might notice just one, or they could crop up in a cluster, [MEDICO] says. But other than some itching, the warts don't feel like anything. How to treat it: If you think you have genital warts, check in with your doctor, [MEDICO] says. He or she will likely prescribe a medication that contains Imiquimod, Podofilox, or Sinecatechins, which will stimulate your body's immune system to clear up the warts. Or, she may apply liquid nitrogen to the growth, which will freeze it off. However, even though you can get rid of the wart, you can't eliminate the virus from your system-meaning more warts could crop up down the road, and you can still spread it to others if you don't have a visible wart. This article originally appeared on MensHealth.com.</s>
",2037
TQ67,neo oxy,"pkease send me the indication and usage info for this powder. NEO-OXY 100/100 MR - neomycin sulfate and oxytetracycline hydrochloride powder
			",oxytetracycline hydrochloride and neomycin sulfate powder (NEO-OXY 100/100)is used for the treatment of what conditions and in what subjects?,What are the indications and usage guidelines for oxytetracycline hydrochloride and neomycin sulfate powder (NEO-OXY 100/100)?,NEO-OXY 100/100 MR,INDICATION," MIXING AND USE DIRECTIONS

					Mix Neo-Oxy 100/100 MR with nonmedicated milk replacer to provide the following concentrations:

					CALVES (milk replacer) - For calves (up to 250 lb) for increased rate of weight gain and improved feed efficiency.

					Oxytetracycline and Neomycin Amount: 0.05-0.1 mg/lb of body weight daily. Feed continuously; in milk replacers or starter feed.

					Lb of Neo-Oxy 100/100 MR per ton of Type C Medicated Feed (1): 0.1-0.2 (2)



					RESIDUE WARNING: Zero day withdrawal. Use of more than one product containing neomycin or failure to follow withdrawal times may result in illegal drug residues.

					For calves (up to 250 lb) for treatment of bacterial enteritis caused by E. coli susceptible to oxytetracycline; treatment and control of colibacillosis (bacterial enteritis) caused by E. coli susceptible to neomycin.

					Oxytetracycline and Neomycin Amount: 10 mg/lb of body weight daily. Feed continuously for 7-14 days in milk replaces or starter feed. If symptoms persist after using 2 or 3 days, consult a veterinarian. Treatment should continue 24 to 48 hours beyond remission of disease symptoms.

					Lb of Neo-Oxy 100/100 MR per ton of Type C Medicated Feed (1): 20 (2)

					RESIDUE WARNING: A withdrawal period has not been established for use in preruminating calves. Do not use in calves to be processed for veal. A milk discard time has not been established for use in lactating dairy cattle. Do not use in female dairy cattle 20 months or older. Withdraw 5 days before
					slaughter. Use of more than one product containing neomycin or failure to follow withdrawal times may result in illegal drug residues.

					CALVES, BEEF CATTLE, AND NONLACTATING DAIRY CATTLE

					For treatment of bacterial enteritis caused by E. coli and bacterial pneumonia (shipping fever complex) caused by Pasteurella multocide susceptible to oxytetracycline; treatment and control of colibacillosis (bacterial enteritis) caused by E. coli susceptible to neomycin.

					Oxytetracycline and Neomycin Amount: 10 mg/lb of body weight daily. Feed continuously for 7-14days in feed or milk replaces. If symptoms persist after using 2 or 3 days, consult a veterinarian. Treatment should continue 24 to 48 hours beyond remission of disease symptoms.

					Lb of Neo-Oxy 100/100 MR per ton of Type C Medicated Feed (1): 20 (2)

					RESIDUE WARNING: A withdrawal period has not been established for use in preruminating calves. Do not use in calves to be processed for veal. A milk discard time has not been established for use in lactating dairy cattle. Do not use in female dairy cattle 20 months or older. Withdraw 5 days before
					slaughter. Use of more than one product containing neomycin or failure to follow withdrawal times may result in illegal drug residues.

					(1) Mixing directions are for example only and are based on mixing 1 lb of dry milk with 1 gallon of water.

					(2) If calf weighs 100 lb, consuming 1 gallon of milk replaced per day.


					FOR USE IN DRY FEEDS ONLY. NOT FOR USE IN LIQUID FEED SUPPLEMENTS.
				", https://www.drugs.com/pro/neo-oxy-100-100-mr.html ,neo oxy,pkease send me the indication and usage info for this powder. NEO-OXY 100/100 MR - neomycin sulfate and oxytetracycline hydrochloride powder,oxytetracycline hydrochloride and neomycin sulfate powder (NEO-OXY 100/100)is used for the treatment of what conditions and in what subjects?,What are the indications and usage guidelines for oxytetracycline hydrochloride and neomycin sulfate powder (NEO-OXY 100/100)?,"MIXING AND USE DIRECTIONS Mix Neo-Oxy 100/100 MR with nonmedicated milk replacer to provide the following concentrations: CALVES (milk replacer) - For calves (up to 250 lb) for increased rate of weight gain and improved feed efficiency. Oxytetracycline and Neomycin Amount: 0.05-0.1 mg/lb of body weight daily. Feed continuously; in milk replacers or starter feed. Lb of Neo-Oxy 100/100 MR per ton of Type C Medicated Feed (1): 0.1-0.2 (2) RESIDUE WARNING: Zero day withdrawal. Use of more than one product containing neomycin or failure to follow withdrawal times may result in illegal drug residues. For calves (up to 250 lb) for treatment of bacterial enteritis caused by E. coli susceptible to oxytetracycline; treatment and control of colibacillosis (bacterial enteritis) caused by E. coli susceptible to neomycin. Oxytetracycline and Neomycin Amount: 10 mg/lb of body weight daily. Feed continuously for 7-14 days in milk replaces or starter feed. If symptoms persist after using 2 or 3 days, consult a veterinarian. Treatment should continue 24 to 48 hours beyond remission of disease symptoms. Lb of Neo-Oxy 100/100 MR per ton of Type C Medicated Feed (1): 20 (2) RESIDUE WARNING: A withdrawal period has not been established for use in preruminating calves. Do not use in calves to be processed for veal. A milk discard time has not been established for use in lactating dairy cattle. Do not use in female dairy cattle 20 months or older. Withdraw 5 days before slaughter. Use of more than one product containing neomycin or failure to follow withdrawal times may result in illegal drug residues. CALVES, BEEF CATTLE, AND NONLACTATING DAIRY CATTLE For treatment of bacterial enteritis caused by E. coli and bacterial pneumonia (shipping fever complex) caused by Pasteurella multocide susceptible to oxytetracycline; treatment and control of colibacillosis (bacterial enteritis) caused by E. coli susceptible to neomycin. Oxytetracycline and Neomycin Amount: 10 mg/lb of body weight daily. Feed continuously for 7-14days in feed or milk replaces. If symptoms persist after using 2 or 3 days, consult a veterinarian. Treatment should continue 24 to 48 hours beyond remission of disease symptoms. Lb of Neo-Oxy 100/100 MR per ton of Type C Medicated Feed (1): 20 (2) RESIDUE WARNING: A withdrawal period has not been established for use in preruminating calves. Do not use in calves to be processed for veal. A milk discard time has not been established for use in lactating dairy cattle. Do not use in female dairy cattle 20 months or older. Withdraw 5 days before slaughter. Use of more than one product containing neomycin or failure to follow withdrawal times may result in illegal drug residues. (1) Mixing directions are for example only and are based on mixing 1 lb of dry milk with 1 gallon of water. (2) If calf weighs 100 lb, consuming 1 gallon of milk replaced per day. FOR USE IN DRY FEEDS ONLY. NOT FOR USE IN LIQUID FEED SUPPLEMENTS.",What are the indications and usage guidelines for oxytetracycline hydrochloride and neomycin sulfate powder (NEO-OXY 100/100)?,What are the indications and usage guidelines for oxytetracycline hydrochloride and neomycin sulfate powder (NEO-OXY 100/100)?,"MIXING AND USE DIRECTIONS Mix Neo-Oxy 100/100 MR with nonmedicated milk replacer to provide the following concentrations: CALVES (milk replacer) - For calves (up to 250 lb) for increased rate of weight gain and improved feed efficiency. Oxytetracycline and Neomycin Amount: 0.05-0.1 mg/lb of body weight daily. Feed continuously; in milk replacers or starter feed. Lb of Neo-Oxy 100/100 MR per ton of Type C Medicated Feed (1): 0.1-0.2 (2) RESIDUE WARNING: Zero day withdrawal. Use of more than one product containing neomycin or failure to follow withdrawal times may result in illegal drug residues. For calves (up to 250 lb) for treatment of bacterial enteritis caused by E. coli susceptible to oxytetracycline; treatment and control of colibacillosis (bacterial enteritis) caused by E. coli susceptible to neomycin. Oxytetracycline and Neomycin Amount: 10 mg/lb of body weight daily. Feed continuously for 7-14 days in milk replaces or starter feed. If symptoms persist after using 2 or 3 days, consult a veterinarian. Treatment should continue 24 to 48 hours beyond remission of disease symptoms. Lb of Neo-Oxy 100/100 MR per ton of Type C Medicated Feed (1): 20 (2) RESIDUE WARNING: A withdrawal period has not been established for use in preruminating calves. Do not use in calves to be processed for veal. A milk discard time has not been established for use in lactating dairy cattle. Do not use in female dairy cattle 20 months or older. Withdraw 5 days before slaughter. Use of more than one product containing neomycin or failure to follow withdrawal times may result in illegal drug residues. CALVES, BEEF CATTLE, AND NONLACTATING DAIRY CATTLE For treatment of bacterial enteritis caused by E. coli and bacterial pneumonia (shipping fever complex) caused by Pasteurella multocide susceptible to oxytetracycline; treatment and control of colibacillosis (bacterial enteritis) caused by E. coli susceptible to neomycin. Oxytetracycline and Neomycin Amount: 10 mg/lb of body weight daily. Feed continuously for 7-14days in feed or milk replaces. If symptoms persist after using 2 or 3 days, consult a veterinarian. Treatment should continue 24 to 48 hours beyond remission of disease symptoms. Lb of Neo-Oxy 100/100 MR per ton of Type C Medicated Feed (1): 20 (2) RESIDUE WARNING: A withdrawal period has not been established for use in preruminating calves. Do not use in calves to be processed for veal. A milk discard time has not been established for use in lactating dairy cattle. Do not use in female dairy cattle 20 months or older. Withdraw 5 days before slaughter. Use of more than one product containing neomycin or failure to follow withdrawal times may result in illegal drug residues. (1) Mixing directions are for example only and are based on mixing 1 lb of dry milk with 1 gallon of water. (2) If calf weighs 100 lb, consuming 1 gallon of milk replaced per day. FOR USE IN DRY FEEDS ONLY. NOT FOR USE IN LIQUID FEED SUPPLEMENTS.",16.0,485.0,"<|system|>
Você é um assistente médico especialista responsável por apoiar decisões clínicas com clareza, rigor e alinhamento com protocolos hospitalares. Você NÃO confirma diagnósticos, NÃO prescreve diretamente e NÃO substitui avaliação médica. Todas as recomendações devem ser validadas por um clínico responsável.</s>
<|user|>
Pergunta Médica: What are the indications and usage guidelines for oxytetracycline hydrochloride and neomycin sulfate powder (NEO-OXY 100/100)?</s>
<|assistant|>
MIXING AND USE DIRECTIONS Mix Neo-Oxy 100/100 MR with nonmedicated milk replacer to provide the following concentrations: CALVES (milk replacer) - For calves (up to 250 lb) for increased rate of weight gain and improved feed efficiency. Oxytetracycline and Neomycin Amount: 0.05-0.1 mg/lb of body weight daily. Feed continuously; in milk replacers or starter feed. Lb of Neo-Oxy 100/100 MR per ton of Type C Medicated Feed (1): 0.1-0.2 (2) RESIDUE WARNING: Zero day withdrawal. Use of more than one product containing neomycin or failure to follow withdrawal times may result in illegal drug residues. For calves (up to 250 lb) for treatment of bacterial enteritis caused by E. coli susceptible to oxytetracycline; treatment and control of colibacillosis (bacterial enteritis) caused by E. coli susceptible to neomycin. Oxytetracycline and Neomycin Amount: 10 mg/lb of body weight daily. Feed continuously for 7-14 days in milk replaces or starter feed. If symptoms persist after using 2 or 3 days, consult a veterinarian. Treatment should continue 24 to 48 hours beyond remission of disease symptoms. Lb of Neo-Oxy 100/100 MR per ton of Type C Medicated Feed (1): 20 (2) RESIDUE WARNING: A withdrawal period has not been established for use in preruminating calves. Do not use in calves to be processed for veal. A milk discard time has not been established for use in lactating dairy cattle. Do not use in female dairy cattle 20 months or older. Withdraw 5 days before slaughter. Use of more than one product containing neomycin or failure to follow withdrawal times may result in illegal drug residues. CALVES, BEEF CATTLE, AND NONLACTATING DAIRY CATTLE For treatment of bacterial enteritis caused by E. coli and bacterial pneumonia (shipping fever complex) caused by Pasteurella multocide susceptible to oxytetracycline; treatment and control of colibacillosis (bacterial enteritis) caused by E. coli susceptible to neomycin. Oxytetracycline and Neomycin Amount: 10 mg/lb of body weight daily. Feed continuously for 7-14days in feed or milk replaces. If symptoms persist after using 2 or 3 days, consult a veterinarian. Treatment should continue 24 to 48 hours beyond remission of disease symptoms. Lb of Neo-Oxy 100/100 MR per ton of Type C Medicated Feed (1): 20 (2) RESIDUE WARNING: A withdrawal period has not been established for use in preruminating calves. Do not use in calves to be processed for veal. A milk discard time has not been established for use in lactating dairy cattle. Do not use in female dairy cattle 20 months or older. Withdraw 5 days before slaughter. Use of more than one product containing neomycin or failure to follow withdrawal times may result in illegal drug residues. (1) Mixing directions are for example only and are based on mixing 1 lb of dry milk with 1 gallon of water. (2) If calf weighs 100 lb, consuming 1 gallon of milk replaced per day. FOR USE IN DRY FEEDS ONLY. NOT FOR USE IN LIQUID FEED SUPPLEMENTS.</s>
",1094
TQ81,CVID	,"I have recently been diagnosed with CVID. As a person with thyroid a thyroid tumor greater than 1 cm. and several thyroid cysys I am concerned about cancer. What are the current stats. The tumor is being monitored by my endocrinologist.
			","What are the chances that a person with CVID, who also has a thyroid tumor, will get cancer?",What is the risk of cancer in a person with CVID and thyroid tumor?,CVID,EFFECT,"
					1. The long-term outlook (prognosis) and life expectancy for people with common variable immunodeficiency (CVID) varies. The prognosis largely depends on whether there is severe autoimmune disease; whether there are recurrent infections that cause structural lung damage; and the development of a
					malignancy (cancer). Other major factors that influence prognosis include the extent of organ damage and how successfully infections can be prevented.
					Affected people who have only bacterial infections have a better prognosis than those with additional complications and can have nearly normal life expectancy. This is especially the case if they are diagnosed early and begin treatment soon after the onset of symptoms.

					2. In some cases, abnormal growth of small nodules of lymphoid tissue in the gastrointestinal tract (nodular lymphoid hyperplasia) may occur. In addition, an increased percent of individuals with CVID are more prone to developing certain forms of cancer than the general population such as
					malignancies of lymphatic tissue (lymphoma) and possibly stomach cancer). The risk of gastric carcinoma is almost 50 times greater in patients with CVID than in other individuals.

					In addition, some individuals with CVID may develop granular, inflammatory nodules (noncaseating granulomas) within tissue of the skin, lungs, spleen, and/or liver.

					3. Of the 411 subjects with known follow-up (87% of the cohort), 93 patients (19.6%) had died.
					The median age at death was 44 years for females (range 10-90 years) and 42 years for
					males (range 9-79 years), not significantly different. The predominant causes of death
					included respiratory failure from chronic lung disease, lymphoid or other malignancy, or
					overwhelming infections (TABLE 6). To further examine the mortality of this cohort, we
					compared those with known long term follow-up, 226 females (48%) and 185 males (39%)
					to age-matched population controls. The survival of both male (p=0.0001) and female
					(p=0.0001) CVID subjects was significantly reduced as compared to 1994 United States
					reference information.34 (FIGURE 1) The risk of death in this interval was nearly 11 times
					higher for CVID patients with one or more of the non-infectious complications, than for
					subjects who had infections only (HR=10.96; p=0.0001) (TABLE 7). Kaplan-Meier Analysis
					confirmed this observation, with a long term survival of 95% for patients without versus 42%
					for those with non-infectious complications (FIGURE 2). These data agree with a previous
					study on CVID subjects from the ESID registry.7
					However, we found here that not all complications were associated with reduced survival. Patients with gastrointestinal disease
					(HR 2.78; p=0.0004), liver disease/hepatitis (HR 2.48; p=0.0003), lymphoma (HR 2.44;
					p=0.001), chronic lung disease including radiological and/or functional lung disease as
					described above (HR 2.06; p=0.001), or malabsorption (HR 2.06; p=0.022) had reduced
					survival in this interval, as compared to CVID patients without these particular complications.
					In contrast, patients with any of the autoimmune conditions, cancers other
					than lymphoma, history of splenectomy, presence of granulomatous disease, or the
					development of bronchiectasis alone, did not have significantly reduced survival over the 4
					decades of study.
				"," 1. https://rarediseases.info.nih.gov/diseases/6140/common-variable-immunodeficiency
					2. https://rarediseases.org/rare-diseases/common-variable-immune-deficiency/
					3. http://www.bloodjournal.org/content/bloodjournal/early/2011/12/16/blood-2011-09-377945.full.pdf?sso-checked=true
				",CVID,I have recently been diagnosed with CVID. As a person with thyroid a thyroid tumor greater than 1 cm. and several thyroid cysys I am concerned about cancer. What are the current stats. The tumor is being monitored by my endocrinologist.,"What are the chances that a person with CVID, who also has a thyroid tumor, will get cancer?",What is the risk of cancer in a person with CVID and thyroid tumor?,"1. The long-term outlook (prognosis) and life expectancy for people with common variable immunodeficiency (CVID) varies. The prognosis largely depends on whether there is severe autoimmune disease; whether there are recurrent infections that cause structural lung damage; and the development of a malignancy (cancer). Other major factors that influence prognosis include the extent of organ damage and how successfully infections can be prevented. Affected people who have only bacterial infections have a better prognosis than those with additional complications and can have nearly normal life expectancy. This is especially the case if they are diagnosed early and begin treatment soon after the onset of symptoms. 2. In some cases, abnormal growth of small nodules of lymphoid tissue in the gastrointestinal tract (nodular lymphoid hyperplasia) may occur. In addition, an increased percent of individuals with CVID are more prone to developing certain forms of cancer than the general population such as malignancies of lymphatic tissue (lymphoma) and possibly stomach cancer). The risk of gastric carcinoma is almost 50 times greater in patients with CVID than in other individuals. In addition, some individuals with CVID may develop granular, inflammatory nodules (noncaseating granulomas) within tissue of the skin, lungs, spleen, and/or liver. 3. Of the 411 subjects with known follow-up (87% of the cohort), 93 patients (19.6%) had died. The median age at death was 44 years for females (range 10-90 years) and 42 years for males (range 9-79 years), not significantly different. The predominant causes of death included respiratory failure from chronic lung disease, lymphoid or other malignancy, or overwhelming infections (TABLE 6). To further examine the mortality of this cohort, we compared those with known long term follow-up, 226 females (48%) and 185 males (39%) to age-matched population controls. The survival of both male (p=0.0001) and female (p=0.0001) CVID subjects was significantly reduced as compared to 1994 United States reference information.34 (FIGURE 1) The risk of death in this interval was nearly 11 times higher for CVID patients with one or more of the non-infectious complications, than for subjects who had infections only (HR=10.96; p=0.0001) (TABLE 7). Kaplan-Meier Analysis confirmed this observation, with a long term survival of 95% for patients without versus 42% for those with non-infectious complications (FIGURE 2). These data agree with a previous study on CVID subjects from the ESID registry.7 However, we found here that not all complications were associated with reduced survival. Patients with gastrointestinal disease (HR 2.78; p=0.0004), liver disease/hepatitis (HR 2.48; p=0.0003), lymphoma (HR 2.44; p=0.001), chronic lung disease including radiological and/or functional lung disease as described above (HR 2.06; p=0.001), or malabsorption (HR 2.06; p=0.022) had reduced survival in this interval, as compared to CVID patients without these particular complications. In contrast, patients with any of the autoimmune conditions, cancers other than lymphoma, history of splenectomy, presence of granulomatous disease, or the development of bronchiectasis alone, did not have significantly reduced survival over the 4 decades of study.",What is the risk of cancer in a person with CVID and thyroid tumor?,What is the risk of cancer in a person with CVID and thyroid tumor?,"1. The long-term outlook (prognosis) and life expectancy for people with common variable immunodeficiency (CVID) varies. The prognosis largely depends on whether there is severe autoimmune disease; whether there are recurrent infections that cause structural lung damage; and the development of a malignancy (cancer). Other major factors that influence prognosis include the extent of organ damage and how successfully infections can be prevented. Affected people who have only bacterial infections have a better prognosis than those with additional complications and can have nearly normal life expectancy. This is especially the case if they are diagnosed early and begin treatment soon after the onset of symptoms. 2. In some cases, abnormal growth of small nodules of lymphoid tissue in the gastrointestinal tract (nodular lymphoid hyperplasia) may occur. In addition, an increased percent of individuals with CVID are more prone to developing certain forms of cancer than the general population such as malignancies of lymphatic tissue (lymphoma) and possibly stomach cancer). The risk of gastric carcinoma is almost 50 times greater in patients with CVID than in other individuals. In addition, some individuals with CVID may develop granular, inflammatory nodules (noncaseating granulomas) within tissue of the skin, lungs, spleen, and/or liver. 3. Of the 411 subjects with known follow-up (87% of the cohort), 93 patients (19.6%) had died. The median age at death was 44 years for females (range 10-90 years) and 42 years for males (range 9-79 years), not significantly different. The predominant causes of death included respiratory failure from chronic lung disease, lymphoid or other malignancy, or overwhelming infections (TABLE 6). To further examine the mortality of this cohort, we compared those with known long term follow-up, 226 females (48%) and 185 males (39%) to age-matched population controls. The survival of both male (p=0.0001) and female (p=0.0001) CVID subjects was significantly reduced as compared to 1994 United States reference information.34 (FIGURE 1) The risk of death in this interval was nearly 11 times higher for CVID patients with one or more of the non-infectious complications, than for subjects who had infections only (HR=10.96; p=0.0001) (TABLE 7). Kaplan-Meier Analysis confirmed this observation, with a long term survival of 95% for patients without versus 42% for those with non-infectious complications (FIGURE 2). These data agree with a previous study on CVID subjects from the ESID registry.7 However, we found here that not all complications were associated with reduced survival. Patients with gastrointestinal disease (HR 2.78; p=0.0004), liver disease/hepatitis (HR 2.48; p=0.0003), lymphoma (HR 2.44; p=0.001), chronic lung disease including radiological and/or functional lung disease as described above (HR 2.06; p=0.001), or malabsorption (HR 2.06; p=0.022) had reduced survival in this interval, as compared to CVID patients without these particular complications. In contrast, patients with any of the autoimmune conditions, cancers other than lymphoma, history of splenectomy, presence of granulomatous disease, or the development of bronchiectasis alone, did not have significantly reduced survival over the 4 decades of study.",14.0,486.0,"<|system|>
Você é um assistente médico especialista responsável por apoiar decisões clínicas com clareza, rigor e alinhamento com protocolos hospitalares. Você NÃO confirma diagnósticos, NÃO prescreve diretamente e NÃO substitui avaliação médica. Todas as recomendações devem ser validadas por um clínico responsável.</s>
<|user|>
Pergunta Médica: What is the risk of cancer in a person with CVID and thyroid tumor?</s>
<|assistant|>
1. The long-term outlook (prognosis) and life expectancy for people with common variable immunodeficiency (CVID) varies. The prognosis largely depends on whether there is severe autoimmune disease; whether there are recurrent infections that cause structural lung damage; and the development of a malignancy (cancer). Other major factors that influence prognosis include the extent of organ damage and how successfully infections can be prevented. Affected people who have only bacterial infections have a better prognosis than those with additional complications and can have nearly normal life expectancy. This is especially the case if they are diagnosed early and begin treatment soon after the onset of symptoms. 2. In some cases, abnormal growth of small nodules of lymphoid tissue in the gastrointestinal tract (nodular lymphoid hyperplasia) may occur. In addition, an increased percent of individuals with CVID are more prone to developing certain forms of cancer than the general population such as malignancies of lymphatic tissue (lymphoma) and possibly stomach cancer). The risk of gastric carcinoma is almost 50 times greater in patients with CVID than in other individuals. In addition, some individuals with CVID may develop granular, inflammatory nodules (noncaseating granulomas) within tissue of the skin, lungs, spleen, and/or liver. 3. Of the 411 subjects with known follow-up (87% of the cohort), 93 patients (19.6%) had died. The median age at death was 44 years for females (range 10-90 years) and 42 years for males (range 9-79 years), not significantly different. The predominant causes of death included respiratory failure from chronic lung disease, lymphoid or other malignancy, or overwhelming infections (TABLE 6). To further examine the mortality of this cohort, we compared those with known long term follow-up, 226 females (48%) and 185 males (39%) to age-matched population controls. The survival of both male (p=0.0001) and female (p=0.0001) CVID subjects was significantly reduced as compared to 1994 United States reference information.34 (FIGURE 1) The risk of death in this interval was nearly 11 times higher for CVID patients with one or more of the non-infectious complications, than for subjects who had infections only (HR=10.96; p=0.0001) (TABLE 7). Kaplan-Meier Analysis confirmed this observation, with a long term survival of 95% for patients without versus 42% for those with non-infectious complications (FIGURE 2). These data agree with a previous study on CVID subjects from the ESID registry.7 However, we found here that not all complications were associated with reduced survival. Patients with gastrointestinal disease (HR 2.78; p=0.0004), liver disease/hepatitis (HR 2.48; p=0.0003), lymphoma (HR 2.44; p=0.001), chronic lung disease including radiological and/or functional lung disease as described above (HR 2.06; p=0.001), or malabsorption (HR 2.06; p=0.022) had reduced survival in this interval, as compared to CVID patients without these particular complications. In contrast, patients with any of the autoimmune conditions, cancers other than lymphoma, history of splenectomy, presence of granulomatous disease, or the development of bronchiectasis alone, did not have significantly reduced survival over the 4 decades of study.</s>
",1047
